Workbook

Sheet Dashboard
B2: 🍰 PAINEL DE CONTROLE - DOCERIA
B4: Resumo automático dos seus pedidos
B6: 💰 A RECEBER | C6: ✅ JÁ RECEBI | D6: 📦 PEDIDOS | E6: 💎 FATURAMENTO
B7: =SUMIFS(Pedidos!H:H,Pedidos!I:I,"Pendente")+SUMIFS(Pedidos!H:H,Pedidos!I:I,"Parcial",Pedidos!J:J,"<>"&"")-SUMIFS(Pedidos!J:J,Pedidos!I:I,"Parcial") -> 0 | C7: =SUMIFS(Pedidos!H:H,Pedidos!I:I,"Pago")+SUMIFS(Pedidos!J:J,Pedidos!I:I,"Parcial") -> 0 | D7: =COUNTA(Pedidos!B:B)-1 -> 53 | E7: =SUM(Pedidos!H:H) -> 0
B10: 📅 PRÓXIMAS ENTREGAS (7 DIAS)
B11: Data | C11: Cliente | D11: Produto | E11: Valor
B12: =IFERROR(SMALL(IF((Pedidos!G$2:G$1000>=TODAY())*(Pedidos!G$2:G$1000<=TODAY()+7)*((Pedidos!I$2:I$1000="Pendente")+(Pedidos!I$2:I$1000="Parcial"))*(Pedidos!G$2:G$1000<>""),Pedidos!G$2:G$1000),1),"") -> 0 | C12: =IFERROR(INDEX(Pedidos!C:C,MATCH(B12,Pedidos!G:G,0)),"") | D12: =IFERROR(INDEX(Pedidos!E:E,MATCH(B12,Pedidos!G:G,0)),"") | E12: =IFERROR(INDEX(Pedidos!H:H,MATCH(B12,Pedidos!G:G,0)),"")
B13: =IFERROR(SMALL(IF((Pedidos!G$2:G$1000>=TODAY())*(Pedidos!G$2:G$1000<=TODAY()+7)*((Pedidos!I$2:I$1000="Pendente")+(Pedidos!I$2:I$1000="Parcial"))*(Pedidos!G$2:G$1000<>""),Pedidos!G$2:G$1000),2),"") | C13: =IFERROR(INDEX(Pedidos!C:C,MATCH(B13,Pedidos!G:G,0)),"") | D13: =IFERROR(INDEX(Pedidos!E:E,MATCH(B13,Pedidos!G:G,0)),"") | E13: =IFERROR(INDEX(Pedidos!H:H,MATCH(B13,Pedidos!G:G,0)),"")
B14: =IFERROR(SMALL(IF((Pedidos!G$2:G$1000>=TODAY())*(Pedidos!G$2:G$1000<=TODAY()+7)*((Pedidos!I$2:I$1000="Pendente")+(Pedidos!I$2:I$1000="Parcial"))*(Pedidos!G$2:G$1000<>""),Pedidos!G$2:G$1000),3),"") | C14: =IFERROR(INDEX(Pedidos!C:C,MATCH(B14,Pedidos!G:G,0)),"") | D14: =IFERROR(INDEX(Pedidos!E:E,MATCH(B14,Pedidos!G:G,0)),"") | E14: =IFERROR(INDEX(Pedidos!H:H,MATCH(B14,Pedidos!G:G,0)),"")
B15: =IFERROR(SMALL(IF((Pedidos!G$2:G$1000>=TODAY())*(Pedidos!G$2:G$1000<=TODAY()+7)*((Pedidos!I$2:I$1000="Pendente")+(Pedidos!I$2:I$1000="Parcial"))*(Pedidos!G$2:G$1000<>""),Pedidos!G$2:G$1000),4),"") | C15: =IFERROR(INDEX(Pedidos!C:C,MATCH(B15,Pedidos!G:G,0)),"") | D15: =IFERROR(INDEX(Pedidos!E:E,MATCH(B15,Pedidos!G:G,0)),"") | E15: =IFERROR(INDEX(Pedidos!H:H,MATCH(B15,Pedidos!G:G,0)),"")
B16: =IFERROR(SMALL(IF((Pedidos!G$2:G$1000>=TODAY())*(Pedidos!G$2:G$1000<=TODAY()+7)*((Pedidos!I$2:I$1000="Pendente")+(Pedidos!I$2:I$1000="Parcial"))*(Pedidos!G$2:G$1000<>""),Pedidos!G$2:G$1000),5),"") | C16: =IFERROR(INDEX(Pedidos!C:C,MATCH(B16,Pedidos!G:G,0)),"") | D16: =IFERROR(INDEX(Pedidos!E:E,MATCH(B16,Pedidos!G:G,0)),"") | E16: =IFERROR(INDEX(Pedidos!H:H,MATCH(B16,Pedidos!G:G,0)),"")
B17: =IFERROR(SMALL(IF((Pedidos!G$2:G$1000>=TODAY())*(Pedidos!G$2:G$1000<=TODAY()+7)*((Pedidos!I$2:I$1000="Pendente")+(Pedidos!I$2:I$1000="Parcial"))*(Pedidos!G$2:G$1000<>""),Pedidos!G$2:G$1000),6),"") | C17: =IFERROR(INDEX(Pedidos!C:C,MATCH(B17,Pedidos!G:G,0)),"") | D17: =IFERROR(INDEX(Pedidos!E:E,MATCH(B17,Pedidos!G:G,0)),"") | E17: =IFERROR(INDEX(Pedidos!H:H,MATCH(B17,Pedidos!G:G,0)),"")
B18: =IFERROR(SMALL(IF((Pedidos!G$2:G$1000>=TODAY())*(Pedidos!G$2:G$1000<=TODAY()+7)*((Pedidos!I$2:I$1000="Pendente")+(Pedidos!I$2:I$1000="Parcial"))*(Pedidos!G$2:G$1000<>""),Pedidos!G$2:G$1000),7),"") | C18: =IFERROR(INDEX(Pedidos!C:C,MATCH(B18,Pedidos!G:G,0)),"") | D18: =IFERROR(INDEX(Pedidos!E:E,MATCH(B18,Pedidos!G:G,0)),"") | E18: =IFERROR(INDEX(Pedidos!H:H,MATCH(B18,Pedidos!G:G,0)),"")
B19: =IFERROR(SMALL(IF((Pedidos!G$2:G$1000>=TODAY())*(Pedidos!G$2:G$1000<=TODAY()+7)*((Pedidos!I$2:I$1000="Pendente")+(Pedidos!I$2:I$1000="Parcial"))*(Pedidos!G$2:G$1000<>""),Pedidos!G$2:G$1000),8),"") | C19: =IFERROR(INDEX(Pedidos!C:C,MATCH(B19,Pedidos!G:G,0)),"") | D19: =IFERROR(INDEX(Pedidos!E:E,MATCH(B19,Pedidos!G:G,0)),"") | E19: =IFERROR(INDEX(Pedidos!H:H,MATCH(B19,Pedidos!G:G,0)),"")
B20: =IFERROR(SMALL(IF((Pedidos!G$2:G$1000>=TODAY())*(Pedidos!G$2:G$1000<=TODAY()+7)*((Pedidos!I$2:I$1000="Pendente")+(Pedidos!I$2:I$1000="Parcial"))*(Pedidos!G$2:G$1000<>""),Pedidos!G$2:G$1000),9),"") | C20: =IFERROR(INDEX(Pedidos!C:C,MATCH(B20,Pedidos!G:G,0)),"") | D20: =IFERROR(INDEX(Pedidos!E:E,MATCH(B20,Pedidos!G:G,0)),"") | E20: =IFERROR(INDEX(Pedidos!H:H,MATCH(B20,Pedidos!G:G,0)),"")
B21: =IFERROR(SMALL(IF((Pedidos!G$2:G$1000>=TODAY())*(Pedidos!G$2:G$1000<=TODAY()+7)*((Pedidos!I$2:I$1000="Pendente")+(Pedidos!I$2:I$1000="Parcial"))*(Pedidos!G$2:G$1000<>""),Pedidos!G$2:G$1000),10),"") | C21: =IFERROR(INDEX(Pedidos!C:C,MATCH(B21,Pedidos!G:G,0)),"") | D21: =IFERROR(INDEX(Pedidos!E:E,MATCH(B21,Pedidos!G:G,0)),"") | E21: =IFERROR(INDEX(Pedidos!H:H,MATCH(B21,Pedidos!G:G,0)),"")

Sheet Pedidos
B2: 🍰 CONTROLE DE PEDIDOS
B4: Preencha uma linha pra cada pedido. As colunas com lista (Status, Forma Pagto) já têm opções prontas.
B6: Nº | C6: Cliente | D6: WhatsApp | E6: Produto / Sabor | F6: Qtd | G6: Data Entrega | H6: Valor Total | I6: Status Pagto | J6: Valor Pago | K6: Falta | L6: Forma Pagto | M6: Observações
B7: =IF(C7="","",ROW()-6) | K7: =IF(H7="","",IF(I7="Pago",0,IF(I7="Cancelado",0,H7-IF(J7="",0,J7))))
B8: =IF(C8="","",ROW()-6) | K8: =IF(H8="","",IF(I8="Pago",0,IF(I8="Cancelado",0,H8-IF(J8="",0,J8))))
B9: =IF(C9="","",ROW()-6) | K9: =IF(H9="","",IF(I9="Pago",0,IF(I9="Cancelado",0,H9-IF(J9="",0,J9))))
B10: =IF(C10="","",ROW()-6) | K10: =IF(H10="","",IF(I10="Pago",0,IF(I10="Cancelado",0,H10-IF(J10="",0,J10))))
B11: =IF(C11="","",ROW()-6) | K11: =IF(H11="","",IF(I11="Pago",0,IF(I11="Cancelado",0,H11-IF(J11="",0,J11))))
B12: =IF(C12="","",ROW()-6) | K12: =IF(H12="","",IF(I12="Pago",0,IF(I12="Cancelado",0,H12-IF(J12="",0,J12))))
B13: =IF(C13="","",ROW()-6) | K13: =IF(H13="","",IF(I13="Pago",0,IF(I13="Cancelado",0,H13-IF(J13="",0,J13))))
B14: =IF(C14="","",ROW()-6) | K14: =IF(H14="","",IF(I14="Pago",0,IF(I14="Cancelado",0,H14-IF(J14="",0,J14))))
B15: =IF(C15="","",ROW()-6) | K15: =IF(H15="","",IF(I15="Pago",0,IF(I15="Cancelado",0,H15-IF(J15="",0,J15))))
B16: =IF(C16="","",ROW()-6) | K16: =IF(H16="","",IF(I16="Pago",0,IF(I16="Cancelado",0,H16-IF(J16="",0,J16))))
B17: =IF(C17="","",ROW()-6) | K17: =IF(H17="","",IF(I17="Pago",0,IF(I17="Cancelado",0,H17-IF(J17="",0,J17))))
B18: =IF(C18="","",ROW()-6) | K18: =IF(H18="","",IF(I18="Pago",0,IF(I18="Cancelado",0,H18-IF(J18="",0,J18))))
... B56: =IF(C56="","",ROW()-6) | K56: =IF(H56="","",IF(I56="Pago",0,IF(I56="Cancelado",0,H56-IF(J56="",0,J56))))
B58: TOTAIS: | H58: =SUM(H7:H56) -> 0 | J58: =SUM(J7:J56) -> 0 | K58: =SUM(K7:K56) -> 0

Sheet Clientes
B2: 👥 CADERNO DE CLIENTES
B4: Cadastre seus clientes pra não precisar redigitar
B6: Nº | C6: Nome | D6: WhatsApp | E6: Endereço | F6: Aniversário | G6: Sabor Favorito
B7: =IF(C7="","",ROW()-6)
B8: =IF(C8="","",ROW()-6)
B9: =IF(C9="","",ROW()-6)
B10: =IF(C10="","",ROW()-6)
B11: =IF(C11="","",ROW()-6)
B12: =IF(C12="","",ROW()-6)
B13: =IF(C13="","",ROW()-6)
B14: =IF(C14="","",ROW()-6)
B15: =IF(C15="","",ROW()-6)
B16: =IF(C16="","",ROW()-6)
B17: =IF(C17="","",ROW()-6)
B18: =IF(C18="","",ROW()-6)
... B56: =IF(C56="","",ROW()-6)

Sheet Como Usar
B2: 📖 COMO USAR ESTA PLANILHA
B6: 1. ANOTAR UM PEDIDO NOVO
B7: Vai na aba PEDIDOS e preenche uma linha de cada vez. O número do pedido aparece sozinho. Nas colunas Status Pagto e Forma Pagto tem listinha pronta, só clicar na setinha.
B9: 2. COMO MARCAR PAGAMENTOS
B10: • PAGO: cliente já quitou tudo (fica verde) • PENDENTE: ainda não pagou nada (fica amarelo) • PARCIAL: pagou só uma parte. Preenche a coluna 'Valor Pago' com o que recebeu. A coluna 'Falta' calcula sozinha. • CANCELADO: pedido cancelado
B12: 3. CORES AUTOMÁTICAS
B13: • Data ROSA = entrega é hoje 🚨 • Data VERMELHA = passou da data e não foi entregue/pago • Status muda de cor sozinho conforme você seleciona
B15: 4. DASHBOARD
B16: A aba Dashboard mostra automático: quanto você tem a receber, quanto já recebeu, quantos pedidos no total e as próximas 7 entregas. Não precisa preencher nada, ela puxa da aba Pedidos.
B18: 5. CLIENTES
B19: Use a aba Clientes pra guardar contatos dos clientes que pedem com frequência. Aniversário é ótimo pra mandar uma mensagem e oferecer um bolo.
B21: 6. DICAS QUE FAZEM DIFERENÇA
... B25: Se quiser ajustar alguma coisa (cor, coluna nova, fórmula), pode pedir!
